Timestamp,User Count,Type,Name,Requests/s,Failures/s,50%,66%,75%,80%,90%,95%,98%,99%,99.9%,99.99%,100%,Total Request Count,Total Failure Count,Total Median Response Time,Total Average Response Time,Total Min Response Time,Total Max Response Time,Total Average Content Size
1771948560,0,,Aggregated,0.000000,0.000000,N/A,N/A,N/A,N/A,N/A,N/A,N/A,N/A,N/A,N/A,N/A,0,0,0,0.0,0,0,0
1771948561,5,,Aggregated,0.000000,0.000000,68,290,290,740,740,740,740,740,740,740,740,5,0,68,245.46995379496366,64.95418300619349,736.1194079858251,1557954.0
1771948562,10,,Aggregated,0.000000,0.000000,150,150,290,290,740,740,740,740,740,740,740,7,0,150.0,218.71859428106941,64.95418300619349,736.1194079858251,1132601.7142857143
1771948563,15,,Aggregated,0.000000,0.000000,150,170,330,740,1300,1500,1500,1500,1500,1500,1500,15,0,150.0,337.7727945956091,34.78272905340418,1497.5986059871502,1998654.8
1771948564,20,,Aggregated,5.000000,0.000000,150,170,210,290,740,1300,1500,1500,1500,1500,1500,22,0,87,268.9667906326411,34.78272905340418,1497.5986059871502,1379217.2272727273
1771948565,25,,Aggregated,5.000000,0.000000,87,160,210,290,910,1300,1500,1500,1500,1500,1500,27,0,87,265.5871415907448,34.78272905340418,1497.5986059871502,1389722.7777777778
1771948566,30,,Aggregated,5.000000,0.000000,150,170,380,430,910,1500,2000,2000,2000,2000,2000,36,0,150.0,317.8144735251812,34.78272905340418,2026.6124019981362,1577335.361111111
1771948567,35,,Aggregated,5.200000,0.000000,150,290,450,460,1000,1400,2000,2000,2000,2000,2000,43,0,150.0,353.4640031839656,34.78272905340418,2026.6124019981362,1848828.0930232557
1771948568,40,,Aggregated,6.000000,0.000000,170,290,460,580,1400,2000,2900,3600,3600,3600,3600,56,0,160.0,468.5153885158278,34.78272905340418,3614.23929000739,2084029.8214285714
1771948569,45,,Aggregated,6.000000,0.000000,210,450,580,740,1500,1900,2900,3600,3600,3600,3600,67,0,210.0,511.9739672361957,34.78272905340418,3614.23929000739,2239027.8358208956
1771948570,50,,Aggregated,6.000000,0.000000,180,450,580,740,1500,1900,2900,3600,3600,3600,3600,79,0,180.0,501.3455035683664,34.78272905340418,3614.23929000739,2133743.164556962
1771948571,50,,Aggregated,7.444444,0.000000,250,480,620,910,1500,2000,3600,4400,4400,4400,4400,85,0,250.0,579.5096694464412,34.78272905340418,4430.085318977945,2433077.8470588233
1771948572,50,,Aggregated,7.444444,0.000000,260,480,700,910,1800,2900,4200,4400,4400,4400,4400,96,0,260.0,608.9830629480275,34.78272905340418,4430.085318977945,2342180.59375
1771948573,50,,Aggregated,7.800000,0.000000,260,510,670,910,1800,2900,3600,4200,4400,4400,4400,107,0,260.0,615.0281488314428,34.78272905340418,4430.085318977945,2203198.0
1771948574,50,,Aggregated,7.800000,0.000000,260,480,670,910,1800,2900,4200,4400,7500,7500,7500,125,0,260.0,650.769622199703,34.78272905340418,7484.02537999209,2093453.64
1771948575,50,,Aggregated,8.900000,0.000000,260,520,700,1000,1900,3600,4400,4400,7500,7500,7500,131,0,260.0,726.402796350352,34.78272905340418,7484.02537999209,2279776.2748091603
1771948576,50,,Aggregated,10.300000,0.000000,260,510,700,1000,1900,3800,4400,7500,7600,7600,7600,139,0,260.0,759.5145768199532,34.78272905340418,7636.824766988866,2307112.2589928056
1771948577,50,,Aggregated,10.300000,0.000000,260,510,700,1000,1900,4200,7500,11000,12000,12000,12000,151,0,260.0,871.5778443841294,34.78272905340418,12220.414504990913,3073410.7086092713
1771948578,50,,Aggregated,10.100000,0.000000,260,510,710,1000,2500,4200,7500,11000,12000,12000,12000,163,0,260.0,899.7928629450049,34.78272905340418,12220.414504990913,3118771.024539877
1771948579,50,,Aggregated,10.100000,0.000000,260,510,710,1000,2700,4300,7600,11000,12000,12000,12000,167,0,260.0,936.72807646175,34.78272905340418,12220.414504990913,3130142.251497006
1771948580,50,,Aggregated,10.900000,0.000000,260,520,730,1100,2900,5200,9300,12000,12000,12000,12000,176,0,260.0,1027.670370023605,34.78272905340418,12220.414504990913,3216559.664772727
1771948581,50,,Aggregated,10.000000,0.000000,250,510,710,1100,2900,4400,9300,12000,12000,12000,12000,188,0,250.0,993.4461444109787,34.78272905340418,12220.414504990913,3129795.936170213
1771948582,50,,Aggregated,9.700000,0.000000,260,510,730,1100,2900,5700,9300,12000,12000,12000,12000,198,0,260.0,1033.6806488748418,34.78272905340418,12220.414504990913,3131289.6666666665
1771948583,50,,Aggregated,10.400000,0.000000,260,510,740,1100,2900,5200,7600,11000,12000,12000,12000,212,0,260.0,1023.4751495198273,34.78272905340418,12220.414504990913,3030803.5141509436
1771948584,50,,Aggregated,10.400000,0.000000,260,520,730,1100,2900,5200,7600,11000,12000,12000,12000,220,0,260.0,1000.7508334322748,34.78272905340418,12220.414504990913,2970386.9909090907
1771948585,50,,Aggregated,10.400000,0.000000,260,520,790,1100,2900,4400,7600,11000,12000,12000,12000,227,0,260.0,992.3791748113593,34.78272905340418,12220.414504990913,2929083.2466960354
1771948586,50,,Aggregated,9.500000,0.000000,270,520,740,1000,2700,4400,7600,11000,12000,12000,12000,235,0,270.0,973.8910147754298,34.78272905340418,12220.414504990913,2872072.0382978725
1771948587,50,,Aggregated,9.500000,0.000000,270,510,740,1000,2700,4400,7600,11000,12000,12000,12000,242,0,270.0,956.9102947485695,34.78272905340418,12220.414504990913,2804762.243801653
1771948588,50,,Aggregated,9.500000,0.000000,270,520,740,1000,2700,4400,7600,11000,12000,12000,12000,245,0,270.0,961.3253386085378,34.78272905340418,12220.414504990913,2807931.6979591837
1771948589,50,,Aggregated,9.100000,0.000000,270,520,740,1000,2700,4400,7600,11000,12000,12000,12000,250,0,270.0,946.4401908083819,34.78272905340418,12220.414504990913,2755210.312
1771948590,50,,Aggregated,8.400000,0.000000,270,530,790,1000,2700,4400,7500,11000,12000,12000,12000,257,0,270.0,956.1185783274917,34.78272905340418,12220.414504990913,2754784.5914396886
1771948591,50,,Aggregated,8.400000,0.000000,270,530,810,1000,2500,4400,7500,11000,12000,12000,12000,263,0,270.0,945.9921656432739,34.78272905340418,12220.414504990913,2726890.74904943
1771948592,50,,Aggregated,8.200000,0.000000,270,550,810,1000,2500,4400,7500,11000,12000,12000,12000,266,0,270.0,946.8761319443373,34.78272905340418,12220.414504990913,2728348.067669173
1771948593,50,,Aggregated,8.000000,0.000000,270,580,820,1000,2700,5200,7600,12000,31000,31000,31000,273,0,270.0,1079.1378377221658,34.78272905340418,31293.925919977482,3001399.673992674
1771948594,50,,Aggregated,7.600000,0.000000,270,580,830,1100,3000,5700,9300,12000,31000,31000,31000,280,0,270.0,1181.8204868472615,34.78272905340418,31293.925919977482,3257922.9214285715
1771948595,50,,Aggregated,6.900000,0.000000,270,580,820,1100,3000,5700,9300,12000,31000,31000,31000,287,0,270.0,1181.0476198615604,34.78272905340418,31293.925919977482,3211261.8780487804
1771948596,50,,Aggregated,6.300000,0.000000,270,580,820,1100,3000,5700,9300,12000,31000,31000,31000,290,0,270.0,1171.679091242399,34.78272905340418,31293.925919977482,3180428.4413793106
1771948597,50,,Aggregated,6.000000,0.000000,270,580,820,1100,3200,6000,11000,12000,31000,31000,31000,297,0,270.0,1200.784792142892,34.78272905340418,31293.925919977482,3206139.8181818184
1771948598,50,,Aggregated,6.100000,0.000000,270,580,830,1100,3000,5700,9300,12000,31000,31000,31000,302,0,270.0,1191.2154477665551,34.78272905340418,31293.925919977482,3162898.2450331124
1771948599,50,,Aggregated,5.500000,0.000000,270,580,830,1100,3000,5700,9300,12000,31000,31000,31000,306,0,270.0,1183.5983528187226,34.78272905340418,31293.925919977482,3144790.1470588236
1771948600,50,,Aggregated,5.500000,0.000000,270,580,850,1100,3200,6000,11000,12000,31000,31000,31000,310,0,270.0,1213.1137289596916,34.78272905340418,31293.925919977482,3154480.6548387096
1771948601,50,,Aggregated,5.600000,0.000000,270,580,880,1100,3200,6100,11000,13000,39000,39000,39000,314,0,270.0,1329.101188043073,34.78272905340418,39236.823182029184,3366964.7070063693
1771948602,50,,Aggregated,5.600000,0.000000,270,580,880,1100,3200,6100,11000,13000,39000,39000,39000,317,0,270.0,1323.2457171846474,34.78272905340418,39236.823182029184,3361912.3280757098
1771948603,50,,Aggregated,5.400000,0.000000,280,600,910,1200,3400,6200,12000,26000,39000,39000,39000,324,0,280.0,1422.3589186900135,34.78272905340418,39236.823182029184,3578508.524691358
1771948604,50,,Aggregated,5.100000,0.000000,290,620,910,1200,3400,6200,12000,26000,39000,39000,39000,328,0,280.0,1418.3383837852289,34.78272905340418,39236.823182029184,3561202.5579268294
1771948605,50,,Aggregated,5.100000,0.000000,290,620,910,1300,3400,6200,12000,26000,39000,39000,39000,333,0,290.0,1419.932533389058,34.78272905340418,39236.823182029184,3535377.093093093
1771948606,50,,Aggregated,5.100000,0.000000,290,620,930,1300,3600,6200,12000,26000,39000,39000,39000,335,0,290.0,1444.644382810776,34.78272905340418,39236.823182029184,3558618.8298507463
1771948607,50,,Aggregated,4.600000,0.000000,290,620,930,1300,3600,6200,12000,26000,39000,39000,39000,339,0,290.0,1442.139988004987,34.78272905340418,39236.823182029184,3558827.0147492625
1771948608,50,,Aggregated,4.500000,0.000000,300,630,960,1300,3800,6800,26000,33000,41000,41000,41000,348,0,290.0,1738.6799646515049,34.78272905340418,41202.084526012186,4106239.7298850575
1771948609,50,,Aggregated,4.200000,0.000000,300,630,960,1300,3800,6800,26000,33000,41000,41000,41000,350,0,290.0,1733.0955076791413,34.78272905340418,41202.084526012186,4086862.4885714287
1771948610,50,,Aggregated,4.200000,0.000000,300,630,960,1300,3800,7500,13000,33000,41000,41000,41000,353,0,300.0,1753.0636586649239,34.78272905340418,41202.084526012186,4098229.920679887
1771948611,50,,Aggregated,4.400000,0.000000,300,650,990,1400,4100,7600,26000,33000,41000,41000,41000,358,0,300.0,1834.0193650019603,34.78272905340418,41202.084526012186,4280906.237430167
1771948612,50,,Aggregated,4.300000,0.000000,310,650,1000,1400,4200,7900,29000,33000,41000,41000,41000,363,0,310.0,1930.8585535174302,34.78272905340418,41202.084526012186,4459887.716253444
1771948613,50,,Aggregated,4.300000,0.000000,310,660,990,1400,4200,7900,29000,33000,41000,41000,41000,365,0,310.0,1924.0746675038467,34.78272905340418,41202.084526012186,4441226.030136987
1771948614,50,,Aggregated,4.400000,0.000000,320,670,1000,1400,4300,9300,31000,37000,41000,41000,41000,371,0,320.0,2029.2076107493924,34.78272905340418,41202.084526012186,4638901.986522911
1771948615,50,,Aggregated,4.100000,0.000000,320,680,1000,1500,4300,9300,31000,37000,41000,41000,41000,377,0,320.0,2018.3304108065413,34.78272905340418,41202.084526012186,4630966.172413793
1771948616,50,,Aggregated,4.100000,0.000000,320,680,1000,1500,4300,9300,32000,38000,44000,44000,44000,382,0,320.0,2108.2115255237413,34.78272905340418,43828.22144799866,4755946.2486911
1771948617,50,,Aggregated,4.300000,0.000000,320,670,1000,1500,4300,9300,32000,38000,44000,44000,44000,385,0,320.0,2093.4244942910327,34.78272905340418,43828.22144799866,4719250.257142857
1771948618,50,,Aggregated,4.700000,0.000000,320,680,1000,1500,4400,11000,32000,38000,44000,44000,44000,389,0,320.0,2195.0510697199,34.78272905340418,43828.22144799866,4891162.552699229
1771948619,50,,Aggregated,4.600000,0.000000,320,680,1000,1500,4400,11000,32000,38000,44000,44000,44000,394,0,320.0,2172.9766044212884,34.78272905340418,43828.22144799866,4836459.258883249
1771948620,50,,Aggregated,4.200000,0.000000,320,680,1100,1600,4400,11000,32000,38000,44000,44000,44000,400,0,320.0,2197.2281512524933,34.78272905340418,43828.22144799866,4834914.795
1771948621,50,,Aggregated,4.200000,0.000000,320,680,1100,1500,4400,11000,32000,38000,44000,44000,44000,405,0,320.0,2175.501328619789,34.78272905340418,43828.22144799866,4782394.767901234
1771948622,50,,Aggregated,4.400000,0.000000,320,680,1100,1500,4400,11000,32000,38000,44000,44000,44000,408,0,320.0,2163.555953102974,34.78272905340418,43828.22144799866,4750905.75245098
1771948623,50,,Aggregated,4.700000,0.000000,320,670,1100,1500,4400,11000,32000,38000,44000,44000,44000,412,0,310.0,2238.386664672238,34.78272905340418,43828.22144799866,4876857.589805826
1771948624,50,,Aggregated,4.700000,0.000000,320,670,1100,1500,4400,11000,32000,38000,44000,44000,44000,418,0,310.0,2216.0098930360173,34.78272905340418,43828.22144799866,4827529.023923445
1771948625,50,,Aggregated,4.600000,0.000000,310,680,1100,1500,4400,11000,32000,38000,44000,44000,44000,423,0,310.0,2227.980672811014,34.78272905340418,43828.22144799866,4805592.652482269
1771948626,50,,Aggregated,4.600000,0.000000,320,680,1100,1500,4400,11000,32000,38000,44000,44000,44000,425,0,320.0,2223.4807792988004,34.78272905340418,43828.22144799866,4786474.042352941
1771948627,50,,Aggregated,4.500000,0.000000,310,680,1100,1500,4400,11000,32000,38000,44000,44000,44000,429,0,310.0,2214.5787685290566,34.78272905340418,43828.22144799866,4758355.680652681
1771948628,50,,Aggregated,4.300000,0.000000,320,680,1100,1500,4400,11000,32000,38000,44000,44000,44000,432,0,320.0,2205.4792288053486,34.78272905340418,43828.22144799866,4731792.944444444
1771948629,50,,Aggregated,4.300000,0.000000,320,680,1100,1500,4400,11000,32000,38000,44000,44000,44000,433,0,320.0,2201.061152549397,34.78272905340418,43828.22144799866,4721024.879907621
1771948630,50,,Aggregated,4.300000,0.000000,320,680,1100,1500,4400,11000,32000,38000,44000,44000,44000,437,0,320.0,2187.148272400046,34.78272905340418,43828.22144799866,4681531.752860412
1771948631,50,,Aggregated,4.000000,0.000000,320,680,1100,1500,4400,11000,33000,39000,54000,54000,54000,439,0,320.0,2307.729418309414,34.78272905340418,54091.775521985255,4837669.353075171
1771948632,50,,Aggregated,4.000000,0.000000,320,680,1100,1500,4400,11000,33000,39000,54000,54000,54000,440,0,320.0,2303.81265157921,34.78272905340418,54091.775521985255,4828246.706818182
1771948633,50,,Aggregated,3.300000,0.000000,320,690,1100,1600,4500,11000,37000,39000,57000,57000,57000,443,0,320.0,2428.4680771824596,34.78272905340418,57483.7100529694,4987432.051918736
1771948634,50,,Aggregated,3.200000,0.000000,320,700,1100,1600,4500,11000,37000,39000,57000,57000,57000,447,0,320.0,2423.537414218872,34.78272905340418,57483.7100529694,4990645.530201342
1771948635,50,,Aggregated,3.200000,0.000000,330,710,1200,1800,4700,11000,38000,41000,59000,59000,59000,450,0,320.0,2590.209023917301,34.78272905340418,58659.5294639701,5161980.117777778
1771948636,50,,Aggregated,2.800000,0.000000,330,710,1200,1800,4700,12000,38000,44000,59000,59000,59000,454,0,330.0,2695.6538432439283,34.78272905340418,58659.5294639701,5289629.224669604
1771948637,50,,Aggregated,2.900000,0.000000,330,710,1200,1800,4700,12000,38000,44000,59000,59000,59000,456,0,320.0,2684.5284711070185,34.78272905340418,58659.5294639701,5266459.978070175
1771948638,50,,Aggregated,2.900000,0.000000,330,710,1200,1800,4800,12000,38000,54000,59000,59000,59000,459,0,330.0,2787.0363020846644,34.78272905340418,58659.5294639701,5389578.328976035
1771948639,50,,Aggregated,2.800000,0.000000,340,730,1300,1900,5400,12000,38000,54000,59000,59000,59000,464,0,330.0,2843.535452799376,34.78272905340418,58659.5294639701,5438349.743534483
1771948640,50,,Aggregated,2.700000,0.000000,340,740,1300,2000,6000,14000,39000,54000,59000,59000,59000,468,0,340.0,3019.8590204614197,34.78272905340418,58659.5294639701,5724835.58974359
1771948641,50,,Aggregated,3.100000,0.000000,340,740,1300,2000,6000,14000,39000,54000,59000,59000,59000,474,0,340.0,3100.444629029366,34.78272905340418,58659.5294639701,5803601.888185654
1771948642,50,,Aggregated,3.100000,0.000000,340,740,1300,2000,6100,15000,41000,54000,59000,59000,59000,478,0,340.0,3186.0669090375536,34.78272905340418,58659.5294639701,5906487.560669456
1771948643,50,,Aggregated,3.500000,0.000000,340,740,1300,2100,6200,26000,52000,56000,59000,59000,59000,483,0,340.0,3498.6538756893046,34.78272905340418,58659.5294639701,6285279.33126294
1771948644,50,,Aggregated,3.800000,0.000000,340,740,1300,2100,6200,26000,52000,56000,59000,59000,59000,485,0,340.0,3486.5978689627846,34.78272905340418,58659.5294639701,6260789.818556701
1771948645,50,,Aggregated,3.800000,0.000000,340,740,1300,2000,6200,26000,52000,56000,59000,59000,59000,490,0,340.0,3458.274681824473,34.78272905340418,58659.5294639701,6212940.026530612
1771948646,50,,Aggregated,3.800000,0.000000,340,750,1300,2100,6500,29000,53000,56000,61000,61000,61000,495,0,340.0,3571.2642431958825,34.78272905340418,60670.442041999195,6336219.078787879
1771948647,50,,Aggregated,3.800000,0.000000,350,740,1300,2100,6500,29000,53000,56000,61000,61000,61000,498,0,340.0,3552.25532642172,34.78272905340418,60670.442041999195,6299604.9397590365
1771948648,50,,Aggregated,4.100000,0.000000,370,770,1300,2200,7500,31000,54000,57000,65000,65000,65000,505,0,370.0,3789.4033009149503,34.78272905340418,64593.49873900646,6550521.431683169
1771948649,50,,Aggregated,4.100000,0.000000,370,750,1300,2100,7500,31000,54000,57000,65000,65000,65000,507,0,370.0,3775.757002449871,34.78272905340418,64593.49873900646,6524954.1715976335
1771948650,50,,Aggregated,4.100000,0.000000,370,750,1300,2100,7500,31000,54000,57000,65000,65000,65000,507,0,370.0,3775.757002449871,34.78272905340418,64593.49873900646,6524954.1715976335
1771948651,50,,Aggregated,4.300000,0.000000,370,770,1300,2100,6800,31000,54000,57000,65000,65000,65000,511,0,370.0,3756.0273222269857,34.78272905340418,64593.49873900646,6477059.428571428
1771948652,50,,Aggregated,4.300000,0.000000,370,770,1300,2200,6800,31000,54000,57000,65000,65000,65000,513,0,370.0,3747.0022951793762,34.78272905340418,64593.49873900646,6452104.571150097
1771948653,50,,Aggregated,3.800000,0.000000,370,750,1300,2200,6800,31000,54000,57000,65000,65000,65000,515,0,370.0,3733.4787327068343,34.78272905340418,64593.49873900646,6427182.6368932035
1771948654,50,,Aggregated,3.500000,0.000000,370,770,1400,2100,6800,31000,54000,57000,65000,65000,65000,516,0,370.0,3729.2133957830524,34.78272905340418,64593.49873900646,6414995.048449612
1771948655,50,,Aggregated,3.500000,0.000000,370,770,1300,2100,6800,31000,54000,57000,65000,65000,65000,517,0,370.0,3722.128505123882,34.78272905340418,64593.49873900646,6402589.719535783
1771948656,50,,Aggregated,3.400000,0.000000,370,750,1300,2100,6800,31000,54000,57000,65000,65000,65000,518,0,370.0,3716.2295334267205,34.78272905340418,64593.49873900646,6390363.138996139
1771948657,50,,Aggregated,3.100000,0.000000,370,770,1300,2100,6800,31000,54000,57000,65000,65000,65000,519,0,370.0,3711.578810872956,34.78272905340418,64593.49873900646,6378183.674373796
1771948658,50,,Aggregated,2.400000,0.000000,370,770,1300,2100,6500,29000,54000,57000,65000,65000,65000,521,0,370.0,3706.364492785218,34.78272905340418,64593.49873900646,6355053.593090211
1771948659,50,,Aggregated,2.200000,0.000000,370,780,1400,2200,6800,29000,54000,57000,65000,65000,65000,522,0,370.0,3713.5544825308257,34.78272905340418,64593.49873900646,6345592.8678160915
1771948660,50,,Aggregated,1.800000,0.000000,380,790,1400,2300,7500,31000,54000,57000,65000,65000,65000,527,0,380.0,3813.947014525653,34.78272905340418,64593.49873900646,6437483.10056926
1771948661,50,,Aggregated,1.800000,0.000000,390,810,1400,2500,7900,32000,54000,58000,67000,67000,67000,530,0,380.0,3966.724694860475,34.78272905340418,66915.93573900172,6549344.847169811
1771948662,50,,Aggregated,1.400000,0.000000,400,830,1500,2500,7900,32000,55000,59000,67000,67000,67000,534,0,390.0,4087.6931401236902,34.78272905340418,66915.93573900172,6651485.672284644
1771948663,50,,Aggregated,1.800000,0.000000,390,820,1400,2500,7900,32000,55000,59000,67000,67000,67000,537,0,390.0,4065.372801560443,34.78272905340418,66915.93573900172,6614332.255121043
1771948664,50,,Aggregated,1.900000,0.000000,390,830,1500,2500,7900,32000,55000,59000,67000,67000,67000,540,0,390.0,4051.4269346572864,34.78272905340418,66915.93573900172,6591983.075925926
1771948665,50,,Aggregated,2.300000,0.000000,410,850,1400,2500,7900,32000,55000,59000,67000,67000,67000,545,0,410.0,4045.56187009535,34.78272905340418,66915.93573900172,6548563.130275229
1771948666,50,,Aggregated,2.500000,0.000000,420,850,1500,2700,9300,32000,55000,59000,67000,67000,67000,549,0,420.0,4098.291856630214,34.78272905340418,66915.93573900172,6539805.207650273
1771948667,50,,Aggregated,2.700000,0.000000,420,850,1500,2500,8900,32000,54000,59000,67000,67000,67000,551,0,420.0,4084.9065447185812,34.78272905340418,66915.93573900172,6516343.622504537
1771948668,50,,Aggregated,2.900000,0.000000,420,830,1400,2500,8900,32000,54000,59000,67000,67000,67000,555,0,420.0,4057.556413001641,34.78272905340418,66915.93573900172,6469755.992792793
1771948669,50,,Aggregated,3.000000,0.000000,420,820,1400,2500,8900,32000,54000,59000,67000,67000,67000,556,0,410.0,4050.9724300375656,34.78272905340418,66915.93573900172,6458144.723021583
1771948670,50,,Aggregated,3.000000,0.000000,420,820,1400,2500,8900,32000,54000,59000,67000,67000,67000,556,0,410.0,4050.9724300375656,34.78272905340418,66915.93573900172,6458144.723021583
1771948671,50,,Aggregated,3.400000,0.000000,430,830,1400,2500,8900,32000,54000,59000,67000,67000,67000,558,0,420.0,4043.4848233151138,34.78272905340418,66915.93573900172,6435047.035842294
1771948672,50,,Aggregated,3.400000,0.000000,430,830,1400,2500,8900,32000,54000,59000,67000,67000,67000,558,0,420.0,4043.4848233151138,34.78272905340418,66915.93573900172,6435047.035842294
1771948673,50,,Aggregated,2.700000,0.000000,420,820,1400,2500,8900,32000,54000,59000,67000,67000,67000,559,0,420.0,4036.3581483378343,34.78272905340418,66915.93573900172,6423537.899821109
1771948674,50,,Aggregated,2.700000,0.000000,420,820,1400,2500,8900,32000,54000,59000,67000,67000,67000,560,0,410.0,4029.5541842229018,34.78272905340418,66915.93573900172,6412190.905357143
1771948675,50,,Aggregated,2.700000,0.000000,420,820,1400,2500,8900,32000,54000,59000,67000,67000,67000,560,0,410.0,4029.5541842229018,34.78272905340418,66915.93573900172,6412190.905357143
1771948676,50,,Aggregated,2.700000,0.000000,420,820,1400,2500,8900,32000,54000,59000,67000,67000,67000,560,0,410.0,4029.5541842229018,34.78272905340418,66915.93573900172,6412190.905357143
1771948677,50,,Aggregated,2.700000,0.000000,420,820,1400,2500,8900,32000,54000,59000,67000,67000,67000,560,0,410.0,4029.5541842229018,34.78272905340418,66915.93573900172,6412190.905357143
1771948678,50,,Aggregated,2.700000,0.000000,420,820,1400,2500,8900,32000,54000,59000,67000,67000,67000,560,0,410.0,4029.5541842229018,34.78272905340418,66915.93573900172,6412190.905357143
1771948679,50,,Aggregated,1.100000,0.000000,430,850,1500,2900,9300,32000,55000,61000,83000,83000,83000,564,0,430.0,4186.444096591803,34.78272905340418,83251.29375496181,6497254.962765957
1771948680,50,,Aggregated,1.100000,0.000000,430,850,1500,2900,9300,32000,55000,61000,83000,83000,83000,564,0,430.0,4186.444096591803,34.78272905340418,83251.29375496181,6497254.962765957
1771948681,50,,Aggregated,0.600000,0.000000,430,850,1500,2900,9300,32000,55000,61000,83000,83000,83000,565,0,430.0,4188.4792926721275,34.78272905340418,83251.29375496181,6488262.573451327
1771948682,50,,Aggregated,0.600000,0.000000,430,850,1500,2900,9300,32000,55000,61000,83000,83000,83000,565,0,430.0,4188.4792926721275,34.78272905340418,83251.29375496181,6488262.573451327
1771948683,50,,Aggregated,0.800000,0.000000,430,880,1500,3000,11000,32000,55000,61000,83000,83000,83000,568,0,430.0,4233.07984423722,34.78272905340418,83251.29375496181,6479175.751760564
1771948684,50,,Aggregated,0.800000,0.000000,430,900,1500,3100,11000,32000,55000,61000,83000,83000,83000,569,0,430.0,4244.897193184142,34.78272905340418,83251.29375496181,6470278.3514938485
1771948685,50,,Aggregated,1.000000,0.000000,430,900,1600,3100,11000,32000,55000,61000,83000,83000,83000,571,0,430.0,4236.605033549421,34.78272905340418,83251.29375496181,6450098.733800351
1771948686,50,,Aggregated,1.000000,0.000000,440,900,1600,3100,11000,32000,55000,61000,83000,83000,83000,572,0,430.0,4230.6108990327175,34.78272905340418,83251.29375496181,6440031.611888112
1771948687,50,,Aggregated,0.900000,0.000000,450,940,1800,3400,11000,37000,57000,65000,91000,91000,91000,579,0,450.0,4742.3969931565325,34.78272905340418,91287.39571297774,6790303.148531952
1771948688,50,,Aggregated,1.200000,0.000000,450,950,1800,3500,12000,37000,58000,65000,91000,91000,91000,585,0,450.0,4902.159701929424,34.78272905340418,91287.39571297774,6990556.44957265
1771948689,50,,Aggregated,1.600000,0.000000,460,960,2000,3600,12000,38000,64000,77000,91000,91000,91000,591,0,460.0,5299.069921535817,34.78272905340418,91287.39571297774,7327063.03891709
1771948690,50,,Aggregated,2.300000,0.000000,480,1000,2100,3600,14000,44000,67000,81000,91000,91000,91000,600,0,460.0,5832.793625154591,34.78272905340418,91287.39571297774,7830999.073333333
1771948691,50,,Aggregated,2.500000,0.000000,480,1000,2100,3600,14000,52000,68000,79000,91000,91000,91000,608,0,460.0,6003.928145478264,31.738051038701087,91287.39571297774,8011136.0707236845
1771948692,50,,Aggregated,3.200000,0.000000,450,1000,2100,3600,14000,54000,68000,79000,91000,91000,91000,619,0,450.0,6110.473068962599,15.866991016082466,91287.39571297774,8100212.481421648
1771948693,50,,Aggregated,4.100000,0.000000,450,990,2100,3600,14000,54000,68000,79000,91000,91000,91000,627,0,450.0,6138.202219980544,15.866991016082466,91287.39571297774,8134396.797448166
1771948694,50,,Aggregated,5.000000,0.000000,450,1000,2100,3600,14000,54000,68000,79000,91000,91000,91000,632,0,450.0,6263.455251999725,15.866991016082466,91287.39571297774,8316606.996835443
1771948695,50,,Aggregated,5.500000,0.000000,450,1000,2100,3600,14000,54000,68000,79000,91000,91000,91000,644,0,450.0,6229.971561853677,15.053009963594377,91287.39571297774,8365202.22204969
1771948696,50,,Aggregated,6.000000,0.000000,450,1000,2100,3600,14000,54000,68000,79000,91000,91000,91000,651,0,450.0,6249.252072258992,15.053009963594377,91287.39571297774,8409258.19201229
1771948697,50,,Aggregated,7.000000,0.000000,430,1000,2100,3600,17000,54000,68000,79000,91000,91000,91000,665,0,430.0,6387.57554135448,15.053009963594377,91287.39571297774,8677465.717293233
1771948698,50,,Aggregated,7.400000,0.000000,430,1000,2100,3600,17000,54000,68000,79000,91000,91000,91000,674,0,430.0,6388.663532619826,15.053009963594377,91287.39571297774,8708918.986646885
1771948699,50,,Aggregated,8.500000,0.000000,430,1100,2100,3600,17000,54000,68000,79000,91000,91000,91000,685,0,430.0,6383.672230122234,15.053009963594377,91287.39571297774,8722798.522627737
1771948700,50,,Aggregated,8.600000,0.000000,410,1000,2000,3600,17000,54000,68000,79000,91000,91000,91000,695,0,410.0,6379.907579520516,15.053009963594377,91287.39571297774,8700515.736690648
1771948701,50,,Aggregated,9.200000,0.000000,410,1000,2100,3600,17000,54000,67000,78000,91000,91000,91000,708,0,410.0,6493.148404786371,15.053009963594377,91287.39571297774,8952314.45480226
1771948702,50,,Aggregated,9.100000,0.000000,410,1000,2100,3600,18000,54000,67000,78000,91000,91000,91000,716,0,410.0,6496.1578298221675,15.053009963594377,91287.39571297774,9054391.810055867
1771948703,50,,Aggregated,9.200000,0.000000,400,1000,2000,3600,18000,54000,67000,78000,91000,91000,91000,725,0,400.0,6490.113213998179,15.053009963594377,91287.39571297774,9050617.747586207
1771948704,50,,Aggregated,9.800000,0.000000,400,1000,2000,3600,18000,54000,67000,78000,91000,91000,91000,730,0,400.0,6503.03111185984,15.053009963594377,91287.39571297774,9087609.412328767
1771948705,50,,Aggregated,9.700000,0.000000,400,1000,2000,3600,18000,54000,67000,78000,91000,91000,91000,743,0,400.0,6494.600639297009,15.053009963594377,91287.39571297774,9066546.671601616
1771948706,50,,Aggregated,9.700000,0.000000,390,990,2000,3500,17000,54000,67000,78000,91000,91000,91000,751,0,390.0,6428.400072152798,15.053009963594377,91287.39571297774,8972124.973368842
1771948707,50,,Aggregated,9.500000,0.000000,390,1000,2000,3500,17000,54000,67000,78000,91000,91000,91000,760,0,390.0,6376.321758983855,15.053009963594377,91287.39571297774,8904338.30131579
1771948708,50,,Aggregated,10.100000,0.000000,390,990,2000,3500,17000,53000,67000,78000,91000,91000,91000,766,0,390.0,6332.591530547835,15.053009963594377,91287.39571297774,8844111.075718015
1771948709,50,,Aggregated,9.300000,0.000000,390,1000,2000,3500,17000,53000,67000,78000,91000,91000,91000,771,0,390.0,6297.988030908882,15.053009963594377,91287.39571297774,8787564.011673152
1771948710,50,,Aggregated,9.100000,0.000000,390,990,1900,3500,17000,53000,67000,78000,91000,91000,91000,774,0,390.0,6274.374395857594,15.053009963594377,91287.39571297774,8753612.9250646
1771948711,50,,Aggregated,8.600000,0.000000,390,990,1900,3400,17000,53000,67000,78000,91000,91000,91000,777,0,390.0,6251.731142366554,15.053009963594377,91287.39571297774,8719833.562419562
1771948712,50,,Aggregated,8.600000,0.000000,390,1000,1900,3400,17000,53000,67000,78000,91000,91000,91000,780,0,390.0,6233.202422027938,15.053009963594377,91287.39571297774,8686563.751282051
1771948713,50,,Aggregated,8.600000,0.000000,390,1000,1900,3400,17000,53000,67000,78000,91000,91000,91000,782,0,390.0,6217.573831117344,15.053009963594377,91287.39571297774,8664436.239130436
1771948714,50,,Aggregated,6.500000,0.000000,390,990,1900,3400,17000,53000,67000,78000,91000,91000,91000,784,0,380.0,6201.873790608086,15.053009963594377,91287.39571297774,8642351.047193877
1771948715,50,,Aggregated,6.500000,0.000000,390,1000,1900,3400,17000,53000,67000,78000,91000,91000,91000,785,0,390.0,6195.754050520674,15.053009963594377,91287.39571297774,8631359.377070064
1771948716,50,,Aggregated,6.200000,0.000000,390,1000,1900,3400,17000,53000,67000,78000,91000,91000,91000,787,0,390.0,6181.865206205506,15.053009963594377,91287.39571297774,8609428.196950445
1771948717,50,,Aggregated,5.100000,0.000000,390,1000,1900,3400,17000,53000,67000,78000,91000,91000,91000,789,0,390.0,6176.101400454655,15.053009963594377,91287.39571297774,8588656.632446134
1771948718,50,,Aggregated,4.000000,0.000000,400,1000,2000,3500,16000,53000,67000,78000,91000,91000,91000,794,0,390.0,6167.374018368656,15.053009963594377,91287.39571297774,8538143.73299748
1771948719,50,,Aggregated,3.300000,0.000000,400,1000,2000,3500,15000,53000,65000,77000,91000,91000,91000,801,0,400.0,6148.2179289522,15.053009963594377,91287.39571297774,8471467.766541822
1771948720,50,,Aggregated,2.900000,0.000000,410,1100,2100,3600,15000,53000,65000,77000,91000,91000,91000,806,0,410.0,6159.298342134881,15.053009963594377,91287.39571297774,8440176.506203474
1771948721,50,,Aggregated,3.000000,0.000000,410,1100,2100,3600,16000,53000,65000,77000,91000,91000,91000,808,0,410.0,6182.416401601201,15.053009963594377,91287.39571297774,8445581.482673267
1771948722,50,,Aggregated,2.800000,0.000000,420,1100,2200,3600,17000,53000,65000,77000,91000,91000,91000,816,0,410.0,6209.775292412665,15.053009963594377,91287.39571297774,8479937.237745099
1771948723,50,,Aggregated,3.100000,0.000000,420,1100,2200,3700,17000,52000,65000,77000,91000,91000,91000,824,0,410.0,6210.014746544803,15.053009963594377,91287.39571297774,8434675.481796116
1771948724,50,,Aggregated,3.100000,0.000000,410,1100,2100,3600,17000,52000,65000,77000,91000,91000,91000,829,0,410.0,6174.561198229181,15.053009963594377,91287.39571297774,8385054.872135103
1771948725,50,,Aggregated,3.700000,0.000000,410,1100,2200,3600,16000,52000,65000,77000,91000,91000,91000,834,0,410.0,6160.445392374052,15.053009963594377,91287.39571297774,8351789.382494004
1771948726,50,,Aggregated,4.100000,0.000000,420,1100,2200,3700,17000,52000,65000,77000,91000,91000,91000,840,0,420.0,6166.782674416505,15.053009963594377,91287.39571297774,8334785.846428571
1771948727,50,,Aggregated,4.600000,0.000000,420,1100,2200,3700,17000,52000,65000,77000,91000,91000,91000,846,0,420.0,6162.126846821277,15.053009963594377,91287.39571297774,8301706.786052009
1771948728,50,,Aggregated,4.700000,0.000000,430,1100,2300,3800,17000,52000,64000,77000,91000,91000,91000,864,0,430.0,6140.849865186244,15.053009963594377,91287.39571297774,8314116.100694444
1771948729,50,,Aggregated,5.400000,0.000000,430,1100,2300,4100,18000,52000,64000,77000,91000,91000,91000,880,0,430.0,6173.113238354423,15.053009963594377,91287.39571297774,8327196.35
1771948730,50,,Aggregated,6.600000,0.000000,420,1100,2300,3900,18000,51000,64000,77000,91000,91000,91000,888,0,420.0,6159.7953187734975,15.053009963594377,91287.39571297774,8349668.597972973
1771948731,50,,Aggregated,6.900000,0.000000,410,1100,2300,3900,17000,51000,64000,77000,91000,91000,91000,895,0,410.0,6112.208386903684,15.053009963594377,91287.39571297774,8286452.4547486035
1771948732,50,,Aggregated,8.200000,0.000000,410,1100,2200,3800,17000,44000,64000,75000,91000,91000,91000,901,0,410.0,6112.597474110806,15.053009963594377,91287.39571297774,8327172.071032186
1771948733,50,,Aggregated,8.200000,0.000000,410,1100,2200,3700,17000,44000,64000,75000,91000,91000,91000,913,0,410.0,6076.575696063444,15.053009963594377,91287.39571297774,8342934.013143483
1771948734,50,,Aggregated,8.700000,0.000000,390,1100,2200,3700,17000,44000,64000,75000,91000,91000,91000,924,0,390.0,6016.6620925691595,15.053009963594377,91287.39571297774,8341257.8365800865
1771948735,50,,Aggregated,8.500000,0.000000,390,1100,2200,3700,17000,44000,64000,75000,91000,91000,91000,934,0,390.0,5997.3636437012365,15.053009963594377,91287.39571297774,8370285.817987152
